Country,Data source,Sector,Gas,Unit,2018,2017,2016,2015,2014,2013,2012,2011,2010,2009,2008,2007,2006,2005,2004,2003,2002,2001,2000,1999,1998,1997,1996,1995,1994,1993,1992,1991,1990
World,CAIT,Agriculture,All GHG,MtCO₂e,5817.65,5821.07,5737.28,5691.56,5669.75,5621.26,5677.85,5649.5,5515.23,5455.29,5460.1,5450.03,5365.47,5307.63,5271.69,5158.07,5164.05,5105.04,5094.12,5098.82,5042.29,4986.72,5057.35,5038.18,4981.35,4936.15,4966.82,4988.46,4997.83
India,CAIT,Agriculture,All GHG,MtCO₂e,718.7,709.5,703.63,700.01,699.71,698.17,695.63,701.81,691.44,681.39,687.34,679.66,662.47,647.72,628.33,618.71,607.05,623.04,617.94,623.28,619.68,612.43,607.06,599.54,595.12,587.12,580.41,573.91,566.53
China,CAIT,Agriculture,All GHG,MtCO₂e,672.87,684.3,699.82,698.73,691.8,690.84,691.17,689.64,695.41,694.65,693.16,680.84,689.39,687.28,679.51,660.99,671.53,666.04,677.06,689.04,669.11,646.42,714.64,671.87,612.72,592.67,605.37,600.81,590.56
Brazil,CAIT,Agriculture,All GHG,MtCO₂e,496.1,507.27,502.99,496.95,495.01,485.54,489.49,488.59,491.25,459.84,460.64,469.98,459.33,468.47,463.65,440.24,422.05,397.97,379.72,375.25,373.17,362.46,354.36,372.94,366.91,358.89,357.16,351.1,340.03
European Union (27),CAIT,Agriculture,All GHG,MtCO₂e,389.55,394.07,394.81,396.18,392.8,388.62,385.73,386.19,392.76,391.78,398.94,403.03,398.0,402.21,409.51,410.54,415.63,418.25,424.73,429.82,432.53,437.27,438.76,435.46,442.72,448.2,463.83,489.54,512.18
United States,CAIT,Agriculture,All GHG,MtCO₂e,385.25,381.93,381.4,370.09,370.82,370.94,371.85,374.93,373.6,371.69,377.6,378.98,375.4,371.77,372.86,371.29,366.36,367.0,369.04,374.73,377.3,378.99,380.34,375.81,377.51,367.6,366.45,358.93,357.82
Indonesia,CAIT,Agriculture,All GHG,MtCO₂e,200.24,196.08,190.77,183.36,180.06,173.88,178.07,172.7,169.21,166.49,158.8,154.78,151.04,148.58,148.61,144.1,145.2,141.71,143.06,143.74,145.45,142.44,146.98,143.95,137.76,136.74,139.25,131.91,132.57
Pakistan,CAIT,Agriculture,All GHG,MtCO₂e,186.22,182.02,175.71,170.83,167.05,163.04,154.98,154.33,147.68,149.65,143.01,136.7,134.46,126.62,122.03,118.75,114.94,111.68,110.57,108.77,105.48,103.22,100.49,97.24,93.66,91.81,89.23,87.06,85.77
Australia,CAIT,Agriculture,All GHG,MtCO₂e,159.54,163.31,120.1,151.67,160.05,138.08,219.01,220.11,115.74,139.31,132.24,165.0,174.91,137.24,180.34,136.07,215.12,229.61,211.05,194.07,162.5,155.51,156.99,169.11,171.86,170.38,172.85,176.3,178.01
Argentina,CAIT,Agriculture,All GHG,MtCO₂e,129.94,130.29,126.56,122.33,122.91,121.78,118.87,116.87,116.64,123.5,133.99,136.63,133.64,130.32,130.83,129.69,119.62,116.02,116.86,114.51,112.17,115.28,115.74,118.16,118.83,117.25,119.14,117.5,118.73
Ethiopia,CAIT,Agriculture,All GHG,MtCO₂e,112.45,112.29,109.99,106.58,104.19,100.6,98.07,93.92,95.83,91.45,87.53,84.22,75.38,71.18,67.92,66.41,69.04,60.23,57.6,61.18,61.86,56.48,54.81,52.14,51.96,51.45,58.07,56.71,56.57
Mexico,CAIT,Agriculture,All GHG,MtCO₂e,96.83,96.82,95.59,90.87,89.88,94.0,91.09,91.43,89.81,89.02,87.59,88.01,86.63,87.5,85.5,86.2,85.34,86.67,86.19,85.31,87.43,85.51,84.93,86.0,87.74,87.89,86.4,87.06,88.78
Russia,CAIT,Agriculture,All GHG,MtCO₂e,95.99,95.54,96.22,94.8,97.07,94.22,95.25,95.8,95.05,97.14,101.63,94.97,94.24,96.79,100.71,112.97,110.77,111.52,110.12,110.15,120.52,130.9,146.53,159.35,177.65,197.58,209.2,229.43,237.99
Bangladesh,CAIT,Agriculture,All GHG,MtCO₂e,88.53,86.72,83.47,85.31,84.63,83.49,83.22,83.76,82.39,81.05,80.98,76.77,76.34,74.74,72.92,73.72,73.95,72.66,72.43,71.89,68.98,69.59,69.72,69.73,67.91,66.77,66.64,66.07,65.53
Myanmar,CAIT,Agriculture,All GHG,MtCO₂e,78.38,79.57,78.9,77.37,76.07,74.12,72.69,72.21,73.77,72.42,71.07,70.31,68.31,64.52,62.05,59.45,57.72,57.34,56.84,55.67,51.85,51.02,52.26,52.6,50.87,49.24,47.14,44.8,45.35
Nigeria,CAIT,Agriculture,All GHG,MtCO₂e,76.19,75.8,75.6,70.8,70.21,68.92,67.51,64.62,60.74,56.29,58.36,58.09,59.11,58.85,55.34,54.57,52.8,52.36,52.32,51.62,50.83,47.98,45.95,44.48,43.65,42.42,41.34,40.81,39.13
Sudan,CAIT,Agriculture,All GHG,MtCO₂e,75.59,75.03,75.28,73.73,73.03,73.16,72.62,68.17,68.4,71.53,70.34,70.87,67.44,70.56,68.02,66.92,65.27,61.94,67.2,63.51,61.88,58.61,56.69,54.43,53.35,50.43,47.28,43.47,42.11
France,CAIT,Agriculture,All GHG,MtCO₂e,73.83,74.98,74.78,76.53,75.79,75.65,74.61,74.2,76.28,76.21,78.23,79.24,77.5,77.85,79.42,79.7,81.39,83.67,83.65,82.42,82.33,82.58,83.47,82.28,81.74,81.23,81.79,85.76,86.73
Vietnam,CAIT,Agriculture,All GHG,MtCO₂e,70.99,71.15,71.11,72.05,69.26,70.86,67.86,66.82,68.08,70.49,65.34,67.91,66.61,65.9,66.19,64.58,62.85,61.53,64.1,62.93,60.83,57.59,57.26,54.55,53.63,51.02,49.78,48.79,46.34
Chad,CAIT,Agriculture,All GHG,MtCO₂e,70.07,67.32,65.06,60.64,55.66,53.21,51.05,48.4,45.82,43.05,42.01,40.58,38.33,37.19,35.03,33.51,31.56,29.23,32.63,29.89,27.95,27.19,26.64,23.73,22.75,21.82,21.01,20.19,13.81
Thailand,CAIT,Agriculture,All GHG,MtCO₂e,68.82,70.69,61.01,64.69,70.27,76.14,78.23,78.59,79.82,76.02,72.36,72.83,68.21,67.83,67.03,67.64,63.67,64.46,63.15,64.89,63.36,66.36,65.6,66.36,68.42,68.35,67.44,65.87,63.55
Colombia,CAIT,Agriculture,All GHG,MtCO₂e,63.02,60.37,56.69,56.01,56.74,56.82,58.93,62.16,66.09,64.7,64.82,65.59,63.02,62.92,62.35,61.62,60.11,59.84,58.6,57.75,60.19,59.59,60.26,60.04,60.09,59.15,58.21,57.68,58.14
Philippines,CAIT,Agriculture,All GHG,MtCO₂e,61.37,62.16,59.04,59.13,60.18,59.84,59.1,58.4,58.04,58.75,57.8,57.01,55.49,55.37,56.37,54.66,53.85,53.96,53.39,52.77,45.04,51.46,51.22,48.48,47.01,43.66,42.25,43.87,43.7
Canada,CAIT,Agriculture,All GHG,MtCO₂e,58.95,57.15,56.39,57.46,58.31,59.28,59.14,56.82,55.22,54.54,56.73,58.4,55.84,58.83,57.08,55.41,55.23,53.68,53.55,54.93,56.14,54.18,55.04,52.63,49.92,49.75,49.3,48.13,47.74
Germany,CAIT,Agriculture,All GHG,MtCO₂e,58.3,60.96,62.29,63.33,64.52,63.12,62.3,62.02,63.36,62.92,62.94,63.17,61.99,64.27,64.72,65.68,66.96,68.16,68.64,70.77,70.57,71.6,71.45,71.91,72.02,71.64,73.96,81.36,86.38
Tanzania,CAIT,Agriculture,All GHG,MtCO₂e,58.23,57.09,59.56,58.64,56.22,55.21,52.94,51.27,49.46,46.98,46.53,44.83,42.42,45.47,43.14,44.5,40.43,36.61,35.6,38.33,37.39,33.91,34.25,36.56,33.35,33.29,32.93,32.94,32.74
United Kingdom,CAIT,Agriculture,All GHG,MtCO₂e,50.7,50.7,50.7,50.7,50.7,50.7,50.7,50.7,50.7,50.7,50.7,50.7,50.7,50.7,50.7,50.7,50.7,50.7,50.7,50.7,50.7,50.7,50.7,50.7,50.7,50.7,50.7,50.7,50.7
Turkey,CAIT,Agriculture,All GHG,MtCO₂e,49.59,47.77,48.18,46.03,45.2,44.7,40.63,37.12,36.38,37.62,35.62,37.14,37.63,36.66,36.0,36.24,36.28,36.78,39.78,40.38,40.74,40.36,40.49,40.39,40.89,43.85,43.13,41.91,44.12
South Sudan,CAIT,Agriculture,All GHG,MtCO₂e,49.36,46.63,48.86,47.63,47.31,46.69,47.81,44.16,44.31,46.34,45.57,45.92,43.7,45.72,44.07,43.35,42.29,40.13,43.54,41.15,40.09,37.97,36.73,35.27,34.57,32.68,30.63,28.17,27.28
Kenya,CAIT,Agriculture,All GHG,MtCO₂e,44.7,42.49,45.76,42.24,42.4,41.12,41.81,42.28,41.02,40.76,42.56,42.2,25.9,26.84,27.48,25.88,24.14,23.16,23.15,25.28,23.79,23.21,23.31,24.72,25.0,24.85,25.08,25.26,26.37
New Zealand,CAIT,Agriculture,All GHG,MtCO₂e,42.3,42.42,42.61,42.63,43.16,42.72,42.85,42.12,41.83,41.95,41.74,42.84,43.15,43.07,42.97,43.73,43.09,41.61,41.24,41.99,41.35,42.34,42.29,43.35,42.3,40.92,41.16,41.74,42.57
Spain,CAIT,Agriculture,All GHG,MtCO₂e,41.36,40.84,40.25,40.34,39.34,37.85,36.91,37.79,39.2,38.78,38.5,42.17,41.06,41.08,43.21,43.63,42.35,42.29,42.19,41.59,41.54,39.87,38.99,36.53,36.79,36.57,36.29,37.9,38.31
Venezuela,CAIT,Agriculture,All GHG,MtCO₂e,39.88,38.47,38.71,39.8,40.5,40.53,40.12,34.93,35.19,40.85,40.98,40.04,39.12,39.42,38.07,37.66,36.33,36.21,34.88,33.64,33.58,32.98,32.63,33.21,32.89,31.92,32.56,32.5,31.58
Uzbekistan,CAIT,Agriculture,All GHG,MtCO₂e,35.99,35.38,34.68,31.72,30.67,29.4,28.26,26.84,25.56,24.07,22.41,21.34,20.43,19.41,18.29,17.58,17.35,17.15,17.32,17.92,17.86,18.06,15.58,16.68,16.58,16.44,16.66,21.11,21.9
Mali,CAIT,Agriculture,All GHG,MtCO₂e,34.23,33.33,32.99,29.76,28.77,28.47,27.41,26.91,26.48,24.63,24.87,23.5,22.79,22.76,22.05,19.89,19.17,18.75,19.33,18.85,17.55,16.6,16.39,15.54,15.22,14.99,14.8,14.78,14.85
Iran,CAIT,Agriculture,All GHG,MtCO₂e,32.74,32.39,33.35,32.1,31.36,37.32,37.77,36.82,40.5,40.67,40.42,43.89,45.14,43.25,42.45,41.1,40.31,39.9,39.95,40.74,41.8,40.43,39.43,38.36,37.71,36.99,38.42,35.06,35.01
Angola,CAIT,Agriculture,All GHG,MtCO₂e,32.57,36.35,35.68,35.14,33.94,35.08,34.07,35.87,34.79,33.15,33.02,34.8,32.6,35.28,35.69,35.57,31.18,28.97,28.35,27.5,29.66,26.82,27.19,30.06,30.17,30.19,30.32,30.22,30.14
Poland,CAIT,Agriculture,All GHG,MtCO₂e,32.16,31.94,31.6,31.12,30.91,31.17,31.76,31.6,32.15,31.48,32.4,33.1,32.3,31.76,30.88,31.44,31.58,31.53,32.45,33.71,34.89,36.7,35.7,36.53,37.18,37.16,38.92,41.42,44.21
Italy,CAIT,Agriculture,All GHG,MtCO₂e,31.97,32.35,32.44,31.98,31.73,32.11,32.68,32.03,32.73,32.65,33.82,34.14,34.07,34.21,35.48,34.91,35.93,33.66,37.63,37.78,37.62,37.71,38.34,37.89,38.78,39.29,40.58,41.19,43.22
Egypt,CAIT,Agriculture,All GHG,MtCO₂e,30.58,30.2,31.23,30.69,30.73,30.71,31.29,31.11,29.28,30.61,32.73,32.31,32.13,31.85,32.04,30.58,30.07,28.21,28.27,27.04,25.49,25.87,25.51,24.87,23.03,23.64,22.59,22.1,20.72
Niger,CAIT,Agriculture,All GHG,MtCO₂e,30.47,29.03,27.76,26.38,25.4,24.17,23.05,21.89,21.12,21.54,20.68,19.75,18.87,18.18,17.41,16.74,16.07,15.47,14.78,14.15,13.58,12.98,12.55,12.04,11.56,11.16,10.69,10.28,9.91
Ukraine,CAIT,Agriculture,All GHG,MtCO₂e,30.19,30.12,29.54,28.7,30.55,31.23,29.16,29.8,28.61,28.48,31.07,30.4,30.84,31.59,33.8,36.94,38.42,37.86,40.15,42.75,46.16,53.67,58.95,66.57,72.63,75.97,82.31,91.85,95.28
Paraguay,CAIT,Agriculture,All GHG,MtCO₂e,30.03,32.03,30.6,30.85,31.38,29.88,28.73,27.56,26.73,25.02,23.37,24.62,22.52,22.41,21.26,23.26,21.27,22.11,20.16,21.2,20.85,20.68,20.56,21.46,20.1,19.12,17.67,17.16,18.51
South Africa,CAIT,Agriculture,All GHG,MtCO₂e,30.03,30.78,29.17,30.5,32.07,31.86,32.83,32.27,32.46,32.62,32.39,31.95,31.0,32.03,31.02,31.64,33.46,32.14,33.1,33.09,33.37,32.67,32.25,30.69,30.92,31.64,31.91,32.55,32.37
Uganda,CAIT,Agriculture,All GHG,MtCO₂e,29.52,29.18,28.53,26.96,26.03,25.54,25.63,24.19,24.5,23.1,23.27,17.3,15.15,17.03,15.53,15.72,14.18,13.71,13.5,13.36,14.04,13.09,12.4,12.08,11.84,12.14,11.83,11.65,11.26
Mongolia,CAIT,Agriculture,All GHG,MtCO₂e,28.89,29.01,27.52,26.02,23.83,21.23,20.22,18.42,16.38,19.85,19.67,19.5,17.53,16.04,14.85,15.34,15.27,17.79,20.31,19.98,19.38,19.02,18.05,17.25,16.27,16.51,16.67,16.89,16.4
Bolivia,CAIT,Agriculture,All GHG,MtCO₂e,27.25,27.23,27.47,26.38,25.38,26.31,26.14,25.9,27.51,23.99,23.62,23.46,23.35,23.88,22.67,20.82,21.22,19.32,19.79,19.85,18.92,18.1,17.57,17.79,17.4,16.98,16.64,16.29,16.01
Uruguay,CAIT,Agriculture,All GHG,MtCO₂e,26.34,26.82,27.4,27.03,27.45,27.21,27.14,27.28,27.15,28.25,28.67,28.1,28.72,27.58,27.39,26.57,25.66,24.93,24.79,25.41,25.44,26.11,26.54,26.02,26.26,26.2,25.43,24.26,23.22
Peru,CAIT,Agriculture,All GHG,MtCO₂e,26.17,26.43,26.1,25.86,25.56,25.77,25.8,25.66,25.53,25.62,24.79,24.63,23.96,23.91,22.94,23.07,22.8,22.17,22.07,21.73,20.44,19.82,19.6,19.21,18.29,17.44,17.21,17.37,17.8
Democratic Republic of the Congo,CAIT,Agriculture,All GHG,MtCO₂e,25.98,27.63,26.61,26.89,25.93,26.6,25.26,25.37,26.99,26.04,26.33,24.87,28.3,27.92,28.4,26.61,24.34,19.38,17.74,18.12,19.91,19.04,19.47,24.73,24.89,24.95,25.06,24.94,25.14
Nepal,CAIT,Agriculture,All GHG,MtCO₂e,25.74,25.38,24.87,24.67,24.83,24.5,24.33,23.85,23.26,22.98,22.3,21.6,21.53,21.21,20.99,20.64,20.43,20.35,20.28,20.17,20.04,19.78,19.57,19.28,18.39,18.04,17.47,17.86,17.92
Kazakhstan,CAIT,Agriculture,All GHG,MtCO₂e,25.44,29.65,23.07,24.65,23.01,20.26,22.11,22.51,25.55,22.25,23.46,22.61,24.68,23.03,22.1,19.81,25.63,16.94,15.61,15.9,17.64,21.27,24.99,29.31,34.51,35.45,36.45,41.41,42.96
Ireland,CAIT,Agriculture,All GHG,MtCO₂e,25.35,25.0,24.37,23.72,23.41,23.3,23.12,22.09,22.25,23.17,22.98,23.1,23.51,23.74,24.21,24.44,25.04,24.61,24.66,24.29,24.23,23.44,23.04,23.08,23.05,22.83,22.4,22.28,22.08
Zambia,CAIT,Agriculture,All GHG,MtCO₂e,24.46,24.42,25.47,25.94,25.5,26.07,25.65,23.15,24.02,21.88,23.35,23.26,22.66,25.09,24.13,24.17,22.08,19.98,19.58,20.44,21.85,20.1,19.92,21.5,21.78,22.2,22.37,22.25,22.09
Burkina Faso,CAIT,Agriculture,All GHG,MtCO₂e,23.01,23.05,22.86,21.68,21.46,21.14,20.52,20.45,20.26,19.36,18.81,18.32,17.96,18.28,17.72,17.25,13.95,13.3,14.19,13.16,12.86,12.74,12.21,12.25,11.91,11.64,11.43,11.17,10.78
Madagascar,CAIT,Agriculture,All GHG,MtCO₂e,22.67,21.73,23.53,22.57,22.71,22.54,24.19,23.57,24.16,24.22,23.48,24.69,23.28,24.4,20.85,22.21,20.26,21.97,23.19,23.8,24.26,23.58,23.87,23.84,23.71,24.07,23.76,23.55,23.63
Somalia,CAIT,Agriculture,All GHG,MtCO₂e,22.16,22.23,22.48,22.62,22.64,22.56,22.52,22.28,22.18,22.06,22.1,22.14,23.36,24.7,24.31,24.07,23.9,23.62,23.15,22.94,22.83,22.94,22.5,22.01,21.41,19.54,17.6,19.61,22.55
Japan,CAIT,Agriculture,All GHG,MtCO₂e,21.56,21.5,21.51,21.63,22.44,22.6,22.23,22.76,23.83,23.84,24.12,24.64,24.76,25.02,25.26,25.03,25.22,25.01,25.54,25.72,25.89,26.98,27.38,28.49,29.64,29.31,29.08,28.58,28.89
Cambodia,CAIT,Agriculture,All GHG,MtCO₂e,21.31,21.67,20.9,20.74,20.8,21.2,21.35,22.14,21.17,21.04,20.46,20.26,19.86,18.63,17.53,17.7,16.4,16.04,16.26,17.45,16.25,16.45,16.4,16.21,14.21,15.49,14.73,14.25,14.61
Belarus,CAIT,Agriculture,All GHG,MtCO₂e,20.46,20.67,20.17,21.05,21.14,21.56,21.67,21.62,21.02,21.15,20.74,20.27,20.47,20.01,19.64,19.65,19.59,20.22,20.46,21.28,21.6,21.85,22.19,22.88,23.77,25.0,25.93,30.86,32.01
Guinea,CAIT,Agriculture,All GHG,MtCO₂e,19.4,19.68,19.83,17.4,17.35,17.05,16.82,15.58,14.56,12.74,12.43,11.98,11.74,11.6,10.27,10.35,10.33,9.28,8.48,7.93,8.29,7.43,7.25,7.92,7.6,7.28,7.01,6.77,6.53
Netherlands,CAIT,Agriculture,All GHG,MtCO₂e,18.57,19.41,20.33,20.36,19.58,19.02,18.81,18.79,19.05,18.99,18.88,18.34,18.36,18.52,18.51,18.47,18.9,19.73,19.88,20.7,20.65,21.3,21.96,22.33,22.41,22.6,23.06,23.29,23.12
Central African Republic,CAIT,Agriculture,All GHG,MtCO₂e,18.52,18.12,19.65,17.8,17.51,17.99,16.74,19.64,18.37,16.23,20.78,19.59,19.24,19.12,18.09,20.71,15.59,17.84,21.69,18.74,21.09,19.13,18.96,16.96,16.85,16.74,16.71,16.68,16.37
Mozambique,CAIT,Agriculture,All GHG,MtCO₂e,18.1,16.36,16.34,17.76,19.03,18.73,18.22,17.4,18.7,16.77,19.2,18.11,16.97,18.22,16.59,17.33,17.31,15.87,13.9,15.16,16.06,14.05,15.58,15.9,15.82,15.71,15.55,15.43,15.32
Romania,CAIT,Agriculture,All GHG,MtCO₂e,15.59,15.59,15.48,15.35,14.97,15.04,14.26,14.85,16.23,16.6,16.97,16.46,16.6,16.85,16.82,15.89,15.54,16.38,16.43,16.93,17.79,18.63,18.83,19.06,20.36,21.18,23.46,25.86,31.25
Morocco,CAIT,Agriculture,All GHG,MtCO₂e,15.35,15.09,13.7,14.95,14.56,14.55,13.64,14.09,13.41,13.08,13.22,13.07,13.73,13.24,12.9,12.53,12.42,12.21,12.17,11.89,11.41,11.35,10.98,10.13,10.61,10.0,11.09,11.83,12.2
Afghanistan,CAIT,Agriculture,All GHG,MtCO₂e,14.74,15.22,15.32,15.11,16.22,15.72,15.78,15.9,15.79,13.86,13.4,12.12,12.05,12.07,11.77,11.89,11.53,9.28,10.99,12.79,11.75,10.95,9.98,8.96,8.52,8.49,8.41,8.4,8.07
South Korea,CAIT,Agriculture,All GHG,MtCO₂e,14.18,13.98,13.97,13.95,13.78,14.12,14.47,14.02,14.42,14.15,14.08,14.22,13.71,14.14,13.82,13.44,13.53,13.81,14.19,14.78,15.53,16.45,16.24,15.95,15.75,15.66,15.3,14.97,15.1
Malaysia,CAIT,Agriculture,All GHG,MtCO₂e,14.14,14.73,14.91,14.93,15.08,14.89,15.79,15.61,15.43,14.03,15.21,14.62,14.03,14.13,13.76,13.03,12.24,11.6,11.58,11.51,11.95,11.62,10.87,11.1,11.22,10.96,10.74,10.4,10.82
Cameroon,CAIT,Agriculture,All GHG,MtCO₂e,12.74,12.7,12.86,12.79,12.55,12.74,12.33,12.2,12.41,11.88,12.33,13.11,13.34,14.44,12.93,14.43,13.08,13.26,14.16,12.65,12.45,11.38,11.0,10.77,10.8,10.75,10.75,10.72,10.81
Ecuador,CAIT,Agriculture,All GHG,MtCO₂e,12.39,12.78,12.74,12.69,13.85,15.05,15.1,15.29,15.42,15.08,14.17,13.8,14.39,14.31,14.98,14.3,14.52,14.75,12.85,14.44,14.57,15.65,14.81,14.3,14.09,13.62,13.03,12.07,12.02
Algeria,CAIT,Agriculture,All GHG,MtCO₂e,12.32,12.29,12.43,12.55,12.41,11.81,11.54,10.81,10.52,9.97,9.09,9.47,9.36,8.86,9.46,8.59,8.21,8.57,8.37,8.46,8.34,7.56,7.71,7.6,7.69,8.09,7.94,7.62,7.87
Zimbabwe,CAIT,Agriculture,All GHG,MtCO₂e,11.15,10.78,10.54,11.47,10.19,11.89,12.47,13.25,12.87,12.07,11.26,11.1,10.68,11.13,11.29,10.83,11.04,12.44,12.11,12.86,12.46,11.77,12.06,9.84,9.8,9.47,11.65,11.06,12.56
Nicaragua,CAIT,Agriculture,All GHG,MtCO₂e,11.14,10.89,11.06,11.02,10.63,10.06,9.71,9.31,8.48,8.3,8.17,8.15,8.16,8.12,7.65,8.04,7.54,7.26,7.23,7.01,5.98,6.15,5.69,5.92,6.74,6.77,6.08,5.51,6.88
Senegal,CAIT,Agriculture,All GHG,MtCO₂e,11.01,11.36,11.34,10.57,10.69,10.93,10.43,11.02,10.81,10.24,10.26,9.72,10.38,10.06,9.74,8.64,9.32,10.08,10.79,9.92,9.17,9.42,9.6,9.12,9.08,8.93,8.69,8.55,8.34
Cuba,CAIT,Agriculture,All GHG,MtCO₂e,10.67,10.68,11.12,11.05,11.67,11.58,11.46,11.58,11.09,11.23,10.77,10.5,10.42,10.02,10.85,11.19,11.28,11.51,11.58,11.74,12.39,12.61,12.63,12.21,12.62,12.29,13.55,13.63,13.98
Chile,CAIT,Agriculture,All GHG,MtCO₂e,10.65,10.25,10.19,10.53,10.91,10.82,12.34,12.24,12.7,12.72,12.91,12.37,12.37,12.36,12.71,12.11,12.38,12.41,12.52,12.56,12.49,12.42,12.09,11.85,11.54,11.06,10.64,10.31,10.26
Denmark,CAIT,Agriculture,All GHG,MtCO₂e,10.22,10.47,10.51,10.54,10.36,10.24,10.4,10.36,10.42,10.23,10.49,10.53,10.39,10.52,10.63,10.93,11.01,11.3,11.2,11.21,11.72,11.78,11.85,11.91,11.96,12.25,12.07,12.42,12.52
Guatemala,CAIT,Agriculture,All GHG,MtCO₂e,10.15,10.09,9.94,9.81,9.47,9.33,9.22,9.05,8.87,8.51,7.88,7.97,7.51,7.55,7.08,6.96,6.9,6.76,6.52,6.48,6.11,6.17,6.06,6.13,6.09,6.23,5.88,5.53,5.3
Ghana,CAIT,Agriculture,All GHG,MtCO₂e,9.73,10.21,9.95,9.83,9.36,9.52,8.8,9.27,8.41,7.96,8.26,8.17,8.64,9.05,7.21,8.08,7.41,7.54,8.72,7.49,8.67,7.56,7.43,6.98,6.94,6.91,6.87,6.98,6.75
Laos,CAIT,Agriculture,All GHG,MtCO₂e,9.58,9.81,9.94,9.53,9.24,9.1,9.05,8.3,8.72,8.12,7.77,7.71,7.29,7.31,7.43,7.05,6.89,6.71,6.49,6.14,6.27,6.72,6.49,6.53,6.5,6.14,6.11,5.84,5.93
Mauritania,CAIT,Agriculture,All GHG,MtCO₂e,9.45,9.48,9.8,9.24,8.98,8.79,8.58,8.32,8.3,7.88,7.37,8.13,8.21,7.93,7.82,7.91,7.77,7.79,7.74,7.28,6.79,6.4,6.06,5.56,5.54,5.68,5.51,5.71,5.52
Belgium,CAIT,Agriculture,All GHG,MtCO₂e,9.4,9.32,9.59,9.76,9.66,9.49,9.59,9.74,9.83,9.79,9.64,9.76,9.77,9.92,10.07,10.23,10.64,10.07,10.2,11.6,11.17,11.27,11.5,11.48,11.32,11.35,11.41,11.62,11.55
Dominican Republic,CAIT,Agriculture,All GHG,MtCO₂e,9.22,9.03,8.87,8.75,8.65,8.59,8.55,8.66,8.65,8.44,8.14,8.03,7.2,7.0,7.24,6.57,6.8,6.35,5.92,6.17,6.83,6.77,6.63,6.34,6.25,6.28,6.06,6.35,5.98
Turkmenistan,CAIT,Agriculture,All GHG,MtCO₂e,9.22,9.29,9.32,9.23,9.2,9.18,9.08,8.46,8.68,8.53,8.98,8.15,8.73,8.34,8.02,7.61,6.6,5.71,5.4,4.73,4.15,3.78,4.45,4.36,4.19,3.98,3.33,5.23,5.43
Yemen,CAIT,Agriculture,All GHG,MtCO₂e,8.19,7.79,7.88,8.0,8.25,8.15,7.95,7.85,7.77,7.58,7.44,7.3,6.9,6.7,6.7,6.54,5.96,5.94,5.65,5.48,5.39,5.15,4.87,4.71,4.64,4.68,4.6,4.5,4.76
Greece,CAIT,Agriculture,All GHG,MtCO₂e,7.88,7.73,7.64,7.65,7.9,8.14,8.35,8.96,8.47,8.03,8.44,8.28,8.34,8.57,8.85,9.06,9.04,8.98,9.22,9.17,9.24,9.34,9.54,9.32,9.48,9.32,9.68,9.91,10.08
Hungary,CAIT,Agriculture,All GHG,MtCO₂e,7.79,7.43,7.4,7.21,7.18,7.11,6.62,6.8,6.57,6.72,7.27,6.99,7.1,7.07,7.54,7.14,7.36,7.77,7.57,7.67,7.42,7.66,7.75,7.15,7.62,7.94,8.31,10.24,10.85
Malawi,CAIT,Agriculture,All GHG,MtCO₂e,7.46,6.34,5.92,5.9,5.6,5.07,4.85,4.68,4.54,3.93,3.93,3.54,3.22,3.0,2.91,2.92,2.75,2.43,2.6,2.45,2.51,2.34,2.36,2.22,2.03,2.45,2.4,2.4,2.3
Austria,CAIT,Agriculture,All GHG,MtCO₂e,7.41,7.43,7.49,7.47,7.48,7.38,7.42,7.47,7.44,7.32,7.44,7.33,7.46,7.58,7.6,7.68,7.92,8.11,8.15,8.33,8.39,8.57,8.7,8.67,9.07,9.17,9.52,9.76,9.81
Azerbaijan,CAIT,Agriculture,All GHG,MtCO₂e,7.41,7.18,7.32,7.41,6.98,6.89,6.82,6.7,6.63,6.6,6.49,6.22,6.14,5.87,5.74,5.51,5.31,5.1,4.76,4.66,4.49,4.34,4.1,4.11,4.09,4.37,4.72,5.51,5.72
Iraq,CAIT,Agriculture,All GHG,MtCO₂e,7.39,7.23,6.57,6.1,8.25,8.64,8.91,8.62,8.12,8.24,6.94,6.52,6.46,6.4,5.43,4.89,8.7,8.34,6.82,6.89,7.1,6.78,6.26,7.08,7.57,7.59,6.04,5.04,7.4
Sweden,CAIT,Agriculture,All GHG,MtCO₂e,7.24,7.5,7.36,7.4,7.44,7.25,7.2,7.37,7.32,7.2,7.52,7.39,7.39,7.52,7.69,7.65,7.75,7.82,7.98,8.07,8.19,8.43,8.45,8.3,8.59,8.67,8.41,8.19,8.59
Honduras,CAIT,Agriculture,All GHG,MtCO₂e,7.14,6.95,6.89,6.62,6.72,6.74,6.5,6.62,6.3,6.3,5.97,6.11,6.12,6.28,5.84,5.94,4.86,4.83,4.84,4.53,4.89,5.04,4.96,5.14,5.09,4.86,5.33,5.4,5.38
Portugal,CAIT,Agriculture,All GHG,MtCO₂e,7.02,7.33,7.08,7.09,6.96,6.72,6.75,6.71,6.63,6.78,6.87,6.9,6.76,6.98,7.04,6.97,7.29,6.96,7.53,7.66,7.69,7.65,7.75,7.57,7.63,7.47,7.69,7.93,8.09
Czech Republic,CAIT,Agriculture,All GHG,MtCO₂e,6.69,6.8,7.12,7.04,6.58,6.48,6.44,6.01,5.93,5.98,6.18,6.26,6.1,6.2,6.33,6.39,6.44,7.47,7.16,7.14,7.31,7.76,8.3,8.24,8.65,9.42,10.64,11.8,13.56
Syria,CAIT,Agriculture,All GHG,MtCO₂e,6.45,6.58,6.69,6.65,6.78,6.94,7.57,7.72,6.79,7.97,8.45,9.43,9.19,8.59,7.79,7.26,6.62,6.1,6.75,6.92,7.09,6.66,6.48,6.29,5.83,5.41,6.17,6.18,6.24
Namibia,CAIT,Agriculture,All GHG,MtCO₂e,6.41,7.32,7.3,6.69,6.87,7.82,14.93,13.62,8.87,9.58,6.76,8.57,9.31,7.99,7.57,7.21,6.71,7.78,8.22,7.43,7.41,6.82,7.05,7.33,7.39,7.42,7.66,7.82,7.63
Tajikistan,CAIT,Agriculture,All GHG,MtCO₂e,6.41,6.39,6.29,6.15,5.89,5.78,5.55,5.24,5.11,5.03,4.69,4.06,3.92,3.62,3.4,3.21,3.12,2.99,2.95,2.96,3.04,3.24,3.24,3.43,3.58,3.65,4.06,4.63,4.8
Saudi Arabia,CAIT,Agriculture,All GHG,MtCO₂e,6.31,6.26,6.39,6.29,6.06,6.34,5.69,5.63,5.18,4.75,5.24,6.18,6.04,6.15,6.32,6.0,5.88,5.8,5.66,5.4,5.56,5.52,5.3,5.16,5.52,5.72,5.87,5.65,5.41
Côte d'Ivoire,CAIT,Agriculture,All GHG,MtCO₂e,5.96,6.11,7.18,6.08,5.91,6.74,6.27,6.1,5.81,5.88,6.07,6.53,6.38,6.73,5.25,6.52,6.7,6.06,5.56,5.38,5.49,5.46,5.25,5.67,5.56,5.37,5.38,5.28,5.15
Finland,CAIT,Agriculture,All GHG,MtCO₂e,5.92,5.93,6.0,6.04,6.09,6.02,5.99,6.0,6.42,6.23,6.56,6.32,6.2,6.45,6.33,6.34,6.48,6.37,6.48,6.5,6.56,6.71,6.67,6.73,6.91,6.88,6.9,7.03,7.54
Sri Lanka,CAIT,Agriculture,All GHG,MtCO₂e,5.82,5.12,6.17,6.63,6.3,6.77,6.76,6.99,6.65,6.3,6.74,5.76,6.08,6.15,5.41,5.79,5.73,5.4,5.61,5.84,5.38,6.2,6.21,6.99,7.1,6.82,6.6,6.42,7.01
Serbia,CAIT,Agriculture,All GHG,MtCO₂e,5.71,6.25,6.56,6.35,6.63,7.25,7.31,6.82,6.78,7.67,7.22,7.82,7.43,7.52,8.3,7.35,7.71,7.95,7.8,8.91,9.58,9.96,9.77,9.72,8.9,9.08,9.2,11.23,11.9
Benin,CAIT,Agriculture,All GHG,MtCO₂e,5.58,5.15,5.24,4.93,4.93,5.01,4.75,4.66,4.51,4.43,4.27,4.6,4.45,4.83,4.09,4.23,4.57,4.01,4.88,4.42,4.57,4.31,4.11,3.47,3.71,3.45,3.43,3.38,3.25
Switzerland,CAIT,Agriculture,All GHG,MtCO₂e,5.54,5.6,5.64,5.66,5.73,5.71,5.7,5.79,5.85,5.86,5.95,5.83,5.87,5.85,5.76,5.82,5.91,6.06,5.97,6.05,6.23,6.29,6.52,6.56,6.65,6.64,6.75,6.88,6.96
Kyrgyzstan,CAIT,Agriculture,All GHG,MtCO₂e,5.43,5.19,5.11,4.99,5.03,4.85,4.67,4.55,4.44,4.35,3.98,3.84,3.74,3.64,3.54,3.58,3.41,3.48,3.43,3.36,3.29,3.18,3.3,3.51,4.29,4.75,5.08,5.39,5.59
Bulgaria,CAIT,Agriculture,All GHG,MtCO₂e,5.26,5.31,5.28,5.25,5.14,4.98,4.72,5.52,4.87,5.08,4.89,4.76,4.47,4.93,5.46,5.67,5.47,5.22,5.21,5.1,5.07,5.26,5.41,5.31,6.22,6.95,8.66,11.03,11.89
Botswana,CAIT,Agriculture,All GHG,MtCO₂e,5.15,6.89,3.82,4.62,5.17,8.05,9.13,21.38,17.06,5.81,14.68,6.04,8.03,6.04,4.95,4.41,11.43,11.25,9.22,9.57,9.72,10.69,11.26,9.83,9.04,8.65,8.96,9.31,9.85
Norway,CAIT,Agriculture,All GHG,MtCO₂e,5.13,5.16,5.17,5.11,5.03,5.01,5.03,5.04,5.02,5.06,5.19,5.21,5.25,5.32,5.35,5.37,5.33,5.37,5.41,5.52,5.56,5.6,5.61,5.54,5.49,5.44,5.48,5.47,5.4
Lithuania,CAIT,Agriculture,All GHG,MtCO₂e,4.92,5.11,5.16,5.3,5.19,5.18,5.25,5.2,5.16,5.22,5.2,5.43,5.28,5.31,5.35,5.27,5.19,5.05,5.45,5.65,5.93,6.08,6.08,6.01,6.61,7.49,9.2,9.12,9.46
North Korea,CAIT,Agriculture,All GHG,MtCO₂e,4.91,4.96,4.92,4.9,5.15,5.28,5.42,5.38,5.32,5.31,5.3,5.32,5.37,5.38,5.32,5.33,5.28,5.17,4.88,4.99,4.83,4.67,4.67,5.21,5.63,5.76,5.86,5.99,6.12
Papua New Guinea,CAIT,Agriculture,All GHG,MtCO₂e,4.77,4.53,4.45,4.72,4.57,4.45,4.47,4.41,4.47,4.45,4.41,4.43,4.6,4.51,4.81,4.57,4.54,4.32,4.18,4.04,3.89,4.01,3.81,3.9,3.63,3.59,3.55,3.5,3.49
Eritrea,CAIT,Agriculture,All GHG,MtCO₂e,4.61,4.58,4.59,4.53,4.5,4.49,4.45,4.42,4.21,4.35,4.34,4.35,4.03,4.21,4.13,4.07,3.95,4.01,4.36,4.19,4.09,3.87,3.37,2.94,2.9,2.84,3.46,3.38,3.37
Tunisia,CAIT,Agriculture,All GHG,MtCO₂e,4.57,4.46,4.57,4.51,4.58,4.43,4.67,4.71,4.68,4.79,4.59,4.82,4.67,4.64,4.5,4.38,4.37,4.45,4.47,4.37,4.22,3.96,4.23,3.67,3.75,4.09,3.91,3.96,3.62
Haiti,CAIT,Agriculture,All GHG,MtCO₂e,4.46,4.44,4.44,4.36,4.34,4.36,4.33,4.35,4.33,4.3,4.27,4.29,4.25,4.27,4.25,4.28,4.26,4.23,4.22,3.87,3.84,3.76,3.55,3.51,3.49,3.52,3.7,3.22,3.02
Sierra Leone,CAIT,Agriculture,All GHG,MtCO₂e,4.01,4.39,4.61,4.51,4.39,4.09,4.35,3.41,3.01,3.34,3.05,3.84,4.46,3.25,3.19,2.81,2.05,1.76,1.23,1.31,1.48,1.56,1.57,2.38,2.49,2.53,2.46,2.45,2.48
Costa Rica,CAIT,Agriculture,All GHG,MtCO₂e,3.99,4.05,4.07,3.79,3.72,3.81,3.74,3.89,3.58,3.45,3.63,3.42,3.17,3.22,3.06,3.27,3.24,3.36,3.57,3.76,4.09,4.04,4.06,4.04,4.5,4.86,4.9,4.95,4.94
Panama,CAIT,Agriculture,All GHG,MtCO₂e,3.54,3.48,3.54,3.57,3.7,3.94,3.92,3.85,3.73,3.7,3.65,3.48,3.57,3.54,3.45,3.52,3.51,3.5,3.12,3.15,3.21,3.14,3.35,3.34,3.34,3.35,3.31,3.21,3.2
Rwanda,CAIT,Agriculture,All GHG,MtCO₂e,3.44,3.43,3.41,3.61,3.1,3.15,3.09,3.06,3.25,3.04,2.98,2.8,2.64,2.39,2.26,2.11,1.87,1.78,1.65,1.65,1.48,1.35,1.27,1.16,1.37,1.45,1.52,1.57,1.52
Republic of Congo,CAIT,Agriculture,All GHG,MtCO₂e,3.42,3.32,3.36,3.32,2.94,3.36,3.22,3.36,3.28,2.85,3.01,2.99,3.27,3.19,2.74,2.59,1.74,1.26,1.15,1.34,1.33,1.28,1.23,2.43,2.44,2.43,2.43,2.43,2.43
Burundi,CAIT,Agriculture,All GHG,MtCO₂e,3.33,3.29,2.81,2.52,2.55,2.59,2.25,2.22,2.07,1.9,1.77,1.67,1.63,1.53,1.49,1.43,1.41,1.44,1.41,1.4,1.37,1.46,1.43,1.45,1.4,1.51,1.54,1.52,1.51
Albania,CAIT,Agriculture,All GHG,MtCO₂e,2.97,3.13,3.21,3.19,3.13,3.09,3.13,3.08,3.06,3.06,3.16,3.4,3.53,3.63,3.64,3.79,3.74,3.66,3.77,3.66,3.65,3.75,4.02,4.35,4.28,3.39,3.17,3.24,3.55
Libya,CAIT,Agriculture,All GHG,MtCO₂e,2.97,2.94,2.92,2.84,2.87,2.98,2.96,2.96,2.94,2.84,2.75,2.74,2.61,2.41,2.27,2.06,1.96,1.84,1.83,2.13,2.16,2.01,2.11,2.1,2.01,2.09,2.12,2.25,2.29
Togo,CAIT,Agriculture,All GHG,MtCO₂e,2.95,2.85,2.96,3.1,2.66,2.85,2.59,2.9,2.4,2.43,2.3,2.09,2.39,2.82,1.96,2.21,2.13,1.88,2.1,1.95,2.24,1.89,1.61,1.54,1.67,1.7,1.73,1.88,2.01
Croatia,CAIT,Agriculture,All GHG,MtCO₂e,2.79,2.71,2.57,2.63,2.59,2.59,2.86,3.06,2.92,2.88,3.95,3.72,3.69,3.22,3.39,3.07,3.14,2.96,3.01,3.02,2.97,3.36,3.06,3.13,3.29,3.4,3.75,4.0,4.24
Latvia,CAIT,Agriculture,All GHG,MtCO₂e,2.72,2.8,2.84,2.87,2.76,2.7,2.66,2.59,2.56,2.55,2.6,2.52,2.48,2.45,2.44,2.4,2.47,2.42,2.37,2.57,2.7,2.73,2.82,2.85,3.38,4.79,5.67,5.03,5.22
Bosnia and Herzegovina,CAIT,Agriculture,All GHG,MtCO₂e,2.57,2.72,2.75,2.9,2.83,2.75,2.83,2.78,2.7,2.73,2.41,2.51,2.62,2.47,2.48,2.22,2.14,2.23,2.35,2.28,2.17,1.96,1.61,1.9,2.25,2.41,2.52,2.57,2.73
Slovakia,CAIT,Agriculture,All GHG,MtCO₂e,2.54,2.48,2.63,2.53,2.6,2.52,2.46,2.47,2.37,2.41,2.48,2.52,2.59,2.6,2.83,2.81,2.92,2.96,2.96,3.02,3.49,3.7,3.84,3.75,3.99,4.44,4.95,5.49,6.31
El Salvador,CAIT,Agriculture,All GHG,MtCO₂e,2.43,2.48,2.51,2.7,2.7,2.55,3.03,2.91,3.26,3.4,3.6,3.47,3.28,3.24,3.11,3.01,3.11,3.02,2.7,2.91,2.73,3.05,3.2,2.75,3.07,3.02,3.14,3.1,3.03
Guyana,CAIT,Agriculture,All GHG,MtCO₂e,2.25,2.18,2.08,2.46,2.35,2.24,2.06,1.98,1.96,1.87,1.88,1.73,1.69,1.73,1.89,1.91,1.7,1.79,1.72,1.99,1.85,1.95,1.88,1.88,1.6,1.62,1.5,1.45,1.2
Georgia,CAIT,Agriculture,All GHG,MtCO₂e,2.13,2.21,2.35,2.33,2.71,2.73,2.57,2.34,2.12,2.1,2.14,2.24,2.42,2.63,2.54,2.58,2.57,2.53,2.57,2.47,2.3,2.28,2.22,2.15,2.15,2.35,2.68,2.98,3.09
United Arab Emirates,CAIT,Agriculture,All GHG,MtCO₂e,2.04,2.03,1.99,1.96,1.88,1.78,1.63,1.65,1.65,1.81,1.63,1.54,1.48,1.43,1.3,1.3,1.23,1.13,1.08,1.05,0.98,0.93,0.89,0.83,0.78,0.71,0.67,0.6,0.54
Guinea-Bissau,CAIT,Agriculture,All GHG,MtCO₂e,1.97,1.94,1.87,1.88,1.77,1.81,1.86,1.7,1.72,1.64,1.53,1.62,1.62,1.46,1.52,1.62,1.62,1.58,1.29,1.29,1.18,1.18,1.22,1.29,1.27,1.24,1.22,1.19,1.19
Estonia,CAIT,Agriculture,All GHG,MtCO₂e,1.84,1.85,1.81,1.94,1.91,1.85,1.83,1.79,1.76,1.77,1.83,1.78,1.76,1.76,1.79,1.76,1.76,1.75,1.82,1.91,1.96,1.96,2.07,2.25,2.41,2.87,3.21,3.3,3.42
Armenia,CAIT,Agriculture,All GHG,MtCO₂e,1.75,1.87,2.33,1.78,1.66,1.69,1.55,1.36,1.34,1.4,1.41,1.43,1.56,1.24,1.25,1.17,1.17,1.06,1.03,1.02,1.02,1.09,1.1,1.09,1.11,1.18,1.35,1.5,1.56
Oman,CAIT,Agriculture,All GHG,MtCO₂e,1.75,1.71,1.7,1.65,1.61,1.61,1.33,1.3,1.28,1.23,1.22,1.18,1.16,1.14,1.06,1.01,0.99,0.99,0.95,0.96,0.9,0.85,0.83,0.81,0.78,0.73,0.69,0.65,0.61
Moldova,CAIT,Agriculture,All GHG,MtCO₂e,1.71,1.66,1.62,1.52,1.63,1.57,1.51,1.59,1.52,1.44,1.57,1.76,1.79,1.87,2.0,2.05,2.07,2.08,2.04,2.18,2.31,2.72,3.35,3.49,3.56,3.27,3.64,4.46,4.63
Slovenia,CAIT,Agriculture,All GHG,MtCO₂e,1.62,1.64,1.64,1.61,1.6,1.59,1.6,1.64,1.66,1.66,1.7,1.67,1.68,1.69,1.72,1.82,1.8,1.85,1.79,1.76,1.88,1.92,1.93,1.96,2.03,2.05,2.06,2.41,2.55
Israel,CAIT,Agriculture,All GHG,MtCO₂e,1.6,1.57,1.53,1.55,1.48,1.47,1.44,1.42,1.33,1.31,1.38,1.45,1.37,1.3,1.29,1.29,1.23,1.29,1.3,1.26,1.35,1.34,1.36,1.28,1.26,1.19,1.17,1.12,1.16
Lesotho,CAIT,Agriculture,All GHG,MtCO₂e,1.35,1.44,1.3,1.34,1.36,1.39,1.5,1.51,1.47,1.49,1.48,1.57,1.52,1.59,1.43,1.51,1.45,1.64,1.67,1.75,1.23,1.32,1.37,1.41,1.49,1.53,1.57,1.42,1.43
Macedonia,CAIT,Agriculture,All GHG,MtCO₂e,1.34,1.38,1.39,1.35,1.33,1.31,1.3,1.39,1.37,1.31,1.38,1.42,1.42,1.4,1.46,1.39,1.38,1.42,1.53,1.54,1.68,1.8,1.92,1.92,1.99,1.76,1.76,2.25,2.38
Gambia,CAIT,Agriculture,All GHG,MtCO₂e,1.29,1.27,1.26,1.25,1.27,1.22,1.15,1.1,1.44,1.36,1.07,0.96,0.98,0.93,0.89,0.81,0.72,0.75,0.84,0.79,0.82,0.78,0.84,0.81,0.79,0.76,0.78,0.79,0.77
Jordan,CAIT,Agriculture,All GHG,MtCO₂e,1.19,1.23,1.32,1.24,1.15,1.1,0.91,1.13,1.0,0.94,1.18,1.1,0.84,0.92,0.84,0.76,0.75,0.71,0.71,0.82,0.79,0.86,0.88,0.94,0.91,1.06,1.04,0.87,0.69
Eswatini,CAIT,Agriculture,All GHG,MtCO₂e,0.98,0.98,0.96,0.98,1.02,1.02,1.03,1.02,1.03,0.95,0.98,1.0,0.93,1.01,0.98,0.98,0.91,0.87,0.98,0.99,1.03,1.05,1.07,1.06,1.03,1.01,1.2,1.16,1.13
Timor-Leste,CAIT,Agriculture,All GHG,MtCO₂e,0.94,0.94,0.99,0.96,0.88,0.86,0.91,0.85,0.84,0.87,0.88,0.84,0.86,0.82,0.71,0.82,0.83,0.82,0.63,0.56,0.67,0.64,0.65,0.62,0.6,0.52,0.49,0.49,0.42
Lebanon,CAIT,Agriculture,All GHG,MtCO₂e,0.8,0.82,0.8,0.77,0.78,0.78,0.8,0.76,0.61,0.62,0.58,0.59,0.57,0.59,0.65,0.63,0.6,0.64,0.61,0.61,0.61,0.59,0.58,0.57,0.5,0.54,0.51,0.49,0.46
Djibouti,CAIT,Agriculture,All GHG,MtCO₂e,0.71,0.71,0.72,0.72,0.71,0.71,0.71,0.71,0.71,0.71,0.71,0.71,0.7,0.71,0.71,0.71,0.71,0.71,0.7,0.7,0.68,0.66,0.66,0.63,0.59,0.57,0.56,0.55,0.55
Suriname,CAIT,Agriculture,All GHG,MtCO₂e,0.67,0.75,0.75,0.74,0.76,0.69,0.71,0.74,0.7,0.73,0.64,0.56,0.61,0.57,0.67,0.63,0.56,0.69,0.65,0.71,0.71,0.72,0.77,0.77,0.75,0.74,0.82,0.74,0.68
Iceland,CAIT,Agriculture,All GHG,MtCO₂e,0.65,0.66,0.65,0.66,0.65,0.61,0.63,0.63,0.63,0.63,0.67,0.65,0.64,0.61,0.61,0.62,0.63,0.63,0.66,0.68,0.67,0.67,0.66,0.65,0.66,0.67,0.67,0.69,0.69
Luxembourg,CAIT,Agriculture,All GHG,MtCO₂e,0.65,0.67,0.66,0.65,0.64,0.63,0.62,0.63,0.64,0.63,0.63,0.62,0.6,0.61,0.63,0.61,0.63,0.57,0.57,0.68,0.66,0.66,0.68,0.68,0.67,0.67,0.67,0.68,0.68
Jamaica,CAIT,Agriculture,All GHG,MtCO₂e,0.56,0.58,0.59,0.62,0.64,0.65,0.66,0.63,0.63,0.63,0.65,0.65,0.7,1.01,1.05,1.13,1.07,1.08,1.08,1.07,1.06,1.06,1.09,1.14,1.12,1.14,1.13,1.08,1.02
Bhutan,CAIT,Agriculture,All GHG,MtCO₂e,0.53,0.53,0.52,0.52,0.54,0.58,0.57,0.58,0.58,0.59,0.55,0.63,0.62,0.64,0.56,0.56,0.56,0.56,0.61,0.65,0.63,0.63,0.64,0.66,0.6,0.6,0.6,0.64,0.63
Kuwait,CAIT,Agriculture,All GHG,MtCO₂e,0.52,0.51,0.49,0.47,0.44,0.42,0.41,0.38,0.36,0.4,0.37,0.33,0.32,0.32,0.31,0.34,0.32,0.26,0.32,0.32,0.29,0.27,0.27,0.21,0.18,0.14,0.08,0.07,0.2
Gabon,CAIT,Agriculture,All GHG,MtCO₂e,0.51,0.61,0.56,0.54,0.5,0.59,0.56,0.57,0.5,0.47,0.59,0.51,0.52,0.45,0.52,0.44,0.4,0.35,0.37,0.39,0.38,0.38,0.35,0.44,0.45,0.45,0.45,0.44,0.43
Liberia,CAIT,Agriculture,All GHG,MtCO₂e,0.5,0.5,0.53,0.63,0.51,0.46,0.48,0.46,0.45,0.64,0.38,0.36,0.33,0.29,0.3,0.3,0.28,0.29,0.29,0.29,0.29,0.28,0.25,0.27,0.26,0.27,0.3,0.3,0.34
Vanuatu,CAIT,Agriculture,All GHG,MtCO₂e,0.48,0.48,0.48,0.48,0.47,0.47,0.47,0.46,0.45,0.44,0.47,0.46,0.39,0.38,0.37,0.37,0.35,0.35,0.37,0.4,0.4,0.4,0.4,0.4,0.4,0.39,0.37,0.34,0.33
Cyprus,CAIT,Agriculture,All GHG,MtCO₂e,0.42,0.41,0.4,0.39,0.38,0.38,0.42,0.43,0.44,0.42,0.41,0.42,0.43,0.42,0.46,0.48,0.5,0.46,0.43,0.44,0.44,0.43,0.46,0.44,0.43,0.43,0.43,0.38,0.38
Montenegro,CAIT,Agriculture,All GHG,MtCO₂e,0.41,0.42,0.43,0.44,0.42,0.42,0.43,0.41,0.45,0.46,0.48,0.51,0.53,0.5,0.55,0.49,0.51,0.53,0.52,0.59,0.63,0.66,0.65,0.64,0.59,0.6,0.61,0.74,0.79
Belize,CAIT,Agriculture,All GHG,MtCO₂e,0.38,0.39,0.4,0.38,0.37,0.41,0.31,0.33,0.28,0.29,0.25,0.24,0.21,0.22,0.19,0.33,0.26,0.19,0.18,0.19,0.18,0.17,0.16,0.16,0.2,0.2,0.22,0.19,0.2
Fiji,CAIT,Agriculture,All GHG,MtCO₂e,0.37,0.38,0.35,0.35,0.98,0.98,0.97,0.97,0.97,0.98,1.01,0.99,0.98,1.0,1.01,0.97,1.03,1.05,1.02,1.04,1.08,1.1,1.1,1.11,1.06,1.02,0.95,0.94,0.93
Qatar,CAIT,Agriculture,All GHG,MtCO₂e,0.33,0.53,0.48,0.4,0.27,0.31,0.27,0.25,0.22,0.21,0.16,0.15,0.14,0.12,0.16,0.16,0.16,0.15,0.21,0.21,0.2,0.2,0.2,0.23,0.22,0.18,0.16,0.14,0.13
Trinidad and Tobago,CAIT,Agriculture,All GHG,MtCO₂e,0.3,0.3,0.3,0.3,0.29,0.29,0.28,0.27,0.27,0.27,0.26,0.26,0.26,0.26,0.26,0.24,0.26,0.22,0.24,0.21,0.21,0.22,0.23,0.2,0.2,0.21,0.23,0.23,0.23
Comoros,CAIT,Agriculture,All GHG,MtCO₂e,0.28,0.28,0.29,0.28,0.28,0.27,0.27,0.26,0.24,0.23,0.23,0.21,0.23,0.21,0.21,0.2,0.21,0.21,0.2,0.22,0.22,0.21,0.21,0.2,0.2,0.2,0.19,0.19,0.19
Samoa,CAIT,Agriculture,All GHG,MtCO₂e,0.2,0.2,0.2,0.21,0.2,0.19,0.18,0.18,0.18,0.16,0.16,0.16,0.17,0.17,0.17,0.16,0.16,0.16,0.15,0.15,0.15,0.14,0.14,0.14,0.15,0.14,0.14,0.15,0.15
Mauritius,CAIT,Agriculture,All GHG,MtCO₂e,0.14,0.15,0.16,0.14,0.16,0.14,0.16,0.14,0.13,0.13,0.13,0.14,0.13,0.14,0.14,0.15,0.15,0.14,0.18,0.18,0.17,0.17,0.18,0.17,0.17,0.16,0.16,0.16,0.16
Brunei,CAIT,Agriculture,All GHG,MtCO₂e,0.12,0.13,0.13,0.13,0.12,0.13,0.13,0.12,0.13,0.12,0.12,0.12,0.11,0.11,0.11,0.11,0.1,0.11,0.1,0.1,0.09,0.08,0.07,0.07,0.07,0.07,0.08,0.08,0.08
Cape Verde,CAIT,Agriculture,All GHG,MtCO₂e,0.1,0.1,0.12,0.12,0.12,0.12,0.12,0.11,0.15,0.15,0.13,0.13,0.13,0.14,0.14,0.13,0.13,0.13,0.12,0.13,0.13,0.11,0.1,0.13,0.11,0.13,0.13,0.1,0.09
Malta,CAIT,Agriculture,All GHG,MtCO₂e,0.09,0.08,0.09,0.11,0.11,0.11,0.1,0.09,0.1,0.1,0.11,0.11,0.12,0.12,0.11,0.12,0.11,0.12,0.12,0.12,0.11,0.12,0.12,0.12,0.13,0.14,0.14,0.13,0.13
Tonga,CAIT,Agriculture,All GHG,MtCO₂e,0.08,0.08,0.08,0.08,0.08,0.08,0.08,0.07,0.07,0.08,0.08,0.07,0.07,0.07,0.07,0.07,0.07,0.07,0.07,0.07,0.07,0.07,0.07,0.07,0.07,0.08,0.08,0.07,0.07
Micronesia,CAIT,Agriculture,All GHG,MtCO₂e,0.07,0.06,0.06,0.06,0.06,0.06,0.06,0.06,0.06,0.06,0.05,0.05,0.05,0.05,0.05,0.05,0.05,0.05,0.05,0.05,0.05,0.05,0.05,0.05,0.0,0.0,0.0,0.0,N/A
Solomon Islands,CAIT,Agriculture,All GHG,MtCO₂e,0.07,0.07,0.07,0.07,0.07,0.07,0.07,0.07,0.07,0.07,0.07,0.07,0.07,0.07,0.06,0.06,0.06,0.06,0.06,0.06,0.06,0.06,0.06,0.06,0.06,0.06,0.06,0.06,0.06
Bahrain,CAIT,Agriculture,All GHG,MtCO₂e,0.05,0.03,0.03,0.05,0.06,0.06,0.06,0.06,0.05,0.04,0.04,0.04,0.05,0.05,0.05,0.05,0.05,0.03,0.03,0.03,0.04,0.03,0.03,0.03,0.03,0.03,0.04,0.04,0.04
Barbados,CAIT,Agriculture,All GHG,MtCO₂e,0.05,0.06,0.06,0.05,0.06,0.06,0.06,0.06,0.06,0.05,0.06,0.05,0.06,0.06,0.07,0.06,0.06,0.08,0.08,0.09,0.09,0.09,0.1,0.1,0.09,0.09,0.1,0.1,0.1
Dominica,CAIT,Agriculture,All GHG,MtCO₂e,0.04,0.04,0.04,0.04,0.04,0.04,0.04,0.04,0.04,0.04,0.04,0.04,0.04,0.04,0.04,0.04,0.04,0.04,0.04,0.04,0.04,0.04,0.04,0.04,0.05,0.05,0.05,0.05,0.05
Saint Lucia,CAIT,Agriculture,All GHG,MtCO₂e,0.04,0.04,0.04,0.04,0.04,0.04,0.04,0.03,0.04,0.03,0.03,0.03,0.03,0.03,0.03,0.03,0.03,0.04,0.04,0.05,0.05,0.09,0.09,0.08,0.07,0.05,0.05,0.05,0.05
Bahamas,CAIT,Agriculture,All GHG,MtCO₂e,0.03,0.04,0.04,0.03,0.03,0.04,0.03,0.04,0.02,0.03,0.04,0.03,0.03,0.03,0.05,0.02,0.03,0.03,0.03,0.03,0.04,0.03,0.03,0.03,0.03,0.03,0.03,0.03,0.03
Antigua and Barbuda,CAIT,Agriculture,All GHG,MtCO₂e,0.02,0.02,0.02,0.02,0.02,0.02,0.02,0.02,0.02,0.04,0.04,0.05,0.05,0.05,0.05,0.05,0.04,0.04,0.04,0.04,0.04,0.04,0.04,0.04,0.04,0.04,0.04,0.04,0.04
Cook Islands,CAIT,Agriculture,All GHG,MtCO₂e,0.02,0.02,0.02,0.02,0.02,0.02,0.02,0.02,0.02,0.02,0.02,0.02,0.02,0.02,0.02,0.01,0.01,0.02,0.02,0.02,0.02,0.02,0.02,0.02,0.02,0.01,0.01,0.01,0.01
Equatorial Guinea,CAIT,Agriculture,All GHG,MtCO₂e,0.02,0.02,0.02,0.02,0.02,0.02,0.02,0.02,0.02,0.02,0.02,0.02,0.02,0.02,0.02,0.02,0.02,0.02,0.02,0.02,0.02,0.02,0.02,0.02,0.02,0.02,0.02,0.02,0.02
Grenada,CAIT,Agriculture,All GHG,MtCO₂e,0.02,0.02,0.02,0.02,0.02,0.02,0.02,0.02,0.02,0.02,0.02,0.02,0.02,0.02,0.02,0.02,0.02,0.01,0.01,0.02,0.02,0.02,0.02,0.02,0.02,0.02,0.02,0.02,0.02
Liechtenstein,CAIT,Agriculture,All GHG,MtCO₂e,0.02,0.02,0.02,0.02,0.02,0.02,0.02,0.02,0.02,0.02,0.02,0.02,0.02,0.02,0.02,0.02,0.02,0.02,0.02,0.02,0.02,0.02,0.02,0.02,0.02,0.02,0.02,0.02,0.02
Singapore,CAIT,Agriculture,All GHG,MtCO₂e,0.02,0.02,0.02,0.02,0.02,0.04,0.04,0.04,0.02,0.04,0.06,0.07,0.09,0.08,0.08,0.06,0.03,0.02,0.02,0.03,0.03,0.02,0.03,0.03,0.03,0.03,0.03,0.03,0.11
Sao Tome and Principe,CAIT,Agriculture,All GHG,MtCO₂e,0.02,0.02,0.02,0.02,0.02,0.01,0.01,0.01,0.01,0.01,0.01,0.01,0.01,0.01,0.01,0.01,0.01,0.01,0.01,0.01,0.01,0.01,0.01,0.01,0.01,0.01,0.01,0.01,0.01
Kiribati,CAIT,Agriculture,All GHG,MtCO₂e,0.01,0.01,0.01,0.01,0.01,0.01,0.01,0.01,0.01,0.01,0.01,0.01,0.01,0.01,0.01,0.01,0.01,0.01,0.01,0.01,0.01,0.01,0.01,0.01,0.01,0.01,0.01,0.01,0.01
Saint Kitts and Nevis,CAIT,Agriculture,All GHG,MtCO₂e,0.01,0.01,0.01,0.01,0.01,0.01,0.01,0.02,0.02,0.02,0.02,0.02,0.02,0.02,0.02,0.02,0.02,0.02,0.02,0.02,0.02,0.02,0.02,0.02,0.02,0.02,0.02,0.02,0.02
Tuvalu,CAIT,Agriculture,All GHG,MtCO₂e,0.01,0.01,0.01,0.01,0.01,0.01,0.01,0.01,0.01,0.01,0.01,0.01,0.01,0.01,0.01,0.01,0.01,0.01,0.01,0.01,0.01,0.01,0.01,0.01,0.01,0.01,0.01,0.01,0.01
Saint Vincent and the Grenadines,CAIT,Agriculture,All GHG,MtCO₂e,0.01,0.02,0.02,0.01,0.01,0.02,0.02,0.02,0.02,0.02,0.02,0.02,0.02,0.02,0.02,0.02,0.02,0.02,0.02,0.02,0.02,0.02,0.02,0.02,0.02,0.02,0.02,0.02,0.02
Andorra,CAIT,Agriculture,All GHG,MtCO₂e,0.0,0.0,0.0,0.0,0.0,0.0,0.0,0.0,0.0,0.0,0.0,0.0,0.0,0.0,0.0,0.0,0.0,0.0,0.0,0.0,0.0,0.0,0.0,0.0,0.0,0.0,0.0,0.0,0.0
Maldives,CAIT,Agriculture,All GHG,MtCO₂e,0.0,0.0,0.0,0.0,0.0,0.0,0.0,0.0,0.0,0.0,0.0,0.0,0.0,0.0,0.0,0.0,0.0,0.0,0.0,0.0,0.0,0.0,0.0,0.0,0.0,0.0,0.0,0.0,0.0
Marshall Islands,CAIT,Agriculture,All GHG,MtCO₂e,0.0,0.0,0.0,0.0,0.0,0.0,0.0,0.0,0.0,0.0,0.0,0.0,0.0,0.0,0.0,0.0,0.0,0.0,0.0,0.0,0.0,0.0,0.0,0.0,0.0,0.0,0.0,0.0,N/A
Niue,CAIT,Agriculture,All GHG,MtCO₂e,0.0,0.0,0.0,0.0,0.0,0.0,0.0,0.0,0.0,0.0,0.0,0.0,0.0,0.0,0.0,0.0,0.0,0.0,0.0,0.0,0.0,0.0,0.0,0.0,0.0,0.0,0.0,0.0,0.0
Nauru,CAIT,Agriculture,All GHG,MtCO₂e,0.0,0.0,0.0,0.0,0.0,0.0,0.0,0.0,0.0,0.0,0.0,0.0,0.0,0.0,0.0,0.0,0.0,0.0,0.0,0.0,0.0,0.0,0.0,0.0,0.0,0.0,0.0,0.0,0.0
Palau,CAIT,Agriculture,All GHG,MtCO₂e,0.0,0.0,0.0,0.0,0.0,0.0,0.0,0.0,0.0,0.0,0.0,0.0,0.0,0.0,0.0,0.0,0.0,0.0,0.0,0.0,0.0,0.0,0.0,0.0,0.0,0.0,0.0,0.0,N/A
Seychelles,CAIT,Agriculture,All GHG,MtCO₂e,0.0,0.0,0.0,0.0,0.0,0.0,0.0,0.01,0.0,0.01,0.01,0.01,0.01,0.01,0.01,0.01,0.01,0.01,0.01,0.01,0.01,0.01,0.01,0.01,0.01,0.01,0.01,0.01,0.01
